{"initial_reset_timestamp": 1573900752.1068468, "timestamps": [1573900761.1436026], "episode_lengths": [269], "episode_rewards": [259.1228770751012], "episode_types": ["t"]}