{"initial_reset_timestamp": 1575314376.9433541, "timestamps": [1575314401.3309581], "episode_lengths": [724], "episode_rewards": [128.04524348822235], "episode_types": ["t"]}