{"initial_reset_timestamp": 1575394895.1493995, "timestamps": [1575394924.955508], "episode_lengths": [879], "episode_rewards": [245.7138338163647], "episode_types": ["t"]}