{"initial_reset_timestamp": 1575306761.134547, "timestamps": [1575306786.6460216], "episode_lengths": [760], "episode_rewards": [69.89836683681884], "episode_types": ["t"]}