{"initial_reset_timestamp": 1575394840.5552974, "timestamps": [1575394847.2575164], "episode_lengths": [191], "episode_rewards": [265.43847210373565], "episode_types": ["t"]}