{"initial_reset_timestamp": 1573420638.6903596, "timestamps": [1573420643.23998], "episode_lengths": [105], "episode_rewards": [-365.53959110271705], "episode_types": ["t", "t"]}