{"initial_reset_timestamp": 1575306828.2593124, "timestamps": [1575306845.5988], "episode_lengths": [512], "episode_rewards": [211.12677522632242], "episode_types": ["t"]}