{"initial_reset_timestamp": 1573900730.0386903, "timestamps": [1573900738.116641], "episode_lengths": [240], "episode_rewards": [235.87707371017075], "episode_types": ["t"]}