{"initial_reset_timestamp": 1573496439.781343, "timestamps": [1573496445.6396658], "episode_lengths": [123], "episode_rewards": [-102.96758235619676], "episode_types": ["t"]}