{"initial_reset_timestamp": 1573553945.436298, "timestamps": [1573553971.0546618], "episode_lengths": [762], "episode_rewards": [113.46826049195336], "episode_types": ["t"]}