{"initial_reset_timestamp": 1573423969.6440027, "timestamps": [1573423973.9891734], "episode_lengths": [119], "episode_rewards": [-399.89644926006133], "episode_types": ["t"]}