{"initial_reset_timestamp": 1575307907.921667, "timestamps": [1575307924.0000663], "episode_lengths": [477], "episode_rewards": [179.99045991207265], "episode_types": ["t"]}