{"initial_reset_timestamp": 1575394847.3897135, "timestamps": [1575394863.4038684], "episode_lengths": [470], "episode_rewards": [269.9243867114933], "episode_types": ["t"]}