{"initial_reset_timestamp": 1575306786.820373, "timestamps": [1575306820.3042321], "episode_lengths": [1000], "episode_rewards": [-8.1751890860963], "episode_types": ["t"]}