{"initial_reset_timestamp": 1573496473.4409459, "timestamps": [1573496485.5624127], "episode_lengths": [360], "episode_rewards": [265.1611972996749], "episode_types": ["t"]}