{"initial_reset_timestamp": 1575307895.2040734, "timestamps": [1575307901.8728862], "episode_lengths": [198], "episode_rewards": [-9.629966882043377], "episode_types": ["t"]}