{"initial_reset_timestamp": 1573496485.9999268, "timestamps": [1573496494.209943], "episode_lengths": [239], "episode_rewards": [244.08127732984912], "episode_types": ["t"]}