{"initial_reset_timestamp": 1573553937.7703674, "timestamps": [1573553945.2363064], "episode_lengths": [222], "episode_rewards": [258.0093756869412], "episode_types": ["t"]}