{"initial_reset_timestamp": 1573553896.3730106, "timestamps": [1573553929.756515], "episode_lengths": [1000], "episode_rewards": [-78.24942642609193], "episode_types": ["t"]}