{"initial_reset_timestamp": 1575307932.4028537, "timestamps": [1575307948.4439595], "episode_lengths": [474], "episode_rewards": [226.06807131576858], "episode_types": ["t"]}