{"initial_reset_timestamp": 1573496460.9950535, "timestamps": [1573496465.6837776], "episode_lengths": [136], "episode_rewards": [-125.33617855976927], "episode_types": ["t"]}