{"initial_reset_timestamp": 1573424627.633044, "timestamps": [1573424642.7926059], "episode_lengths": [453], "episode_rewards": [27.49761169071239], "episode_types": ["t"]}