{"initial_reset_timestamp": 1573424654.6442392, "timestamps": [1573424676.117526], "episode_lengths": [641], "episode_rewards": [-126.70365684656943], "episode_types": ["t"]}