{"initial_reset_timestamp": 1573900738.341626, "timestamps": [1573900752.0126204], "episode_lengths": [408], "episode_rewards": [239.45342230672142], "episode_types": ["t"]}