{"initial_reset_timestamp": 1575394883.7683237, "timestamps": [1575394895.0294564], "episode_lengths": [326], "episode_rewards": [222.20003138292446], "episode_types": ["t"]}