{"initial_reset_timestamp": 1575310987.3855383, "timestamps": [1575311005.5307274], "episode_lengths": [540], "episode_rewards": [195.73346866819543], "episode_types": ["t"]}