{"initial_reset_timestamp": 1573496450.4807048, "timestamps": [1573496460.901302], "episode_lengths": [310], "episode_rewards": [258.4729962648887], "episode_types": ["t"]}