{"initial_reset_timestamp": 1573496466.038299, "timestamps": [1573496473.2823706], "episode_lengths": [215], "episode_rewards": [206.18241484678475], "episode_types": ["t"]}