{"initial_reset_timestamp": 1573553971.253131, "timestamps": [1573554004.7047598], "episode_lengths": [1000], "episode_rewards": [139.62416481301733], "episode_types": ["t"]}