{"initial_reset_timestamp": 1575394863.5508096, "timestamps": [1575394874.3507814], "episode_lengths": [290], "episode_rewards": [252.61975541955374], "episode_types": ["t"]}