{"initial_reset_timestamp": 1575307924.072491, "timestamps": [1575307932.2984087], "episode_lengths": [240], "episode_rewards": [-201.7580482395717], "episode_types": ["t"]}