{"initial_reset_timestamp": 1575307902.0722084, "timestamps": [1575307907.78745], "episode_lengths": [168], "episode_rewards": [47.33513936621813], "episode_types": ["t"]}