{"initial_reset_timestamp": 1575306845.8167198, "timestamps": [1575306879.5313928], "episode_lengths": [1000], "episode_rewards": [60.37024909663072], "episode_types": ["t"]}