{"initial_reset_timestamp": 1575314345.4580388, "timestamps": [1575314368.2399156], "episode_lengths": [678], "episode_rewards": [157.483307832935], "episode_types": ["t"]}