{"initial_reset_timestamp": 1575307889.592141, "timestamps": [1575307895.0902228], "episode_lengths": [152], "episode_rewards": [16.68746741863457], "episode_types": ["t"]}