{"initial_reset_timestamp": 1573553887.9904149, "timestamps": [1573553896.2806737], "episode_lengths": [223], "episode_rewards": [259.0713319486423], "episode_types": ["t"]}