{"initial_reset_timestamp": 1575306752.7866223, "timestamps": [1575306760.968277], "episode_lengths": [215], "episode_rewards": [268.59509563741506], "episode_types": ["t"]}