{"initial_reset_timestamp": 1573424611.8240426, "timestamps": [1573424627.4293764], "episode_lengths": [466], "episode_rewards": [236.09513098362868], "episode_types": ["t"]}