{"initial_reset_timestamp": 1575394874.5569978, "timestamps": [1575394883.631953], "episode_lengths": [240], "episode_rewards": [263.30662739944665], "episode_types": ["t"]}