{"initial_reset_timestamp": 1575314401.4322157, "timestamps": [1575314428.6574936], "episode_lengths": [811], "episode_rewards": [121.60869816720381], "episode_types": ["t"]}