{"initial_reset_timestamp": 1575314311.3953831, "timestamps": [1575314345.278531], "episode_lengths": [965], "episode_rewards": [233.12142521951793], "episode_types": ["t"]}