{"initial_reset_timestamp": 1573424676.3538256, "timestamps": [1573424709.8255076], "episode_lengths": [1000], "episode_rewards": [-35.349232513291696], "episode_types": ["t"]}