{"initial_reset_timestamp": 1575307948.5478725, "timestamps": [1575307953.0609221], "episode_lengths": [131], "episode_rewards": [14.651024872726865], "episode_types": ["t"]}