{"initial_reset_timestamp": 1575314368.311114, "timestamps": [1575314376.8210378], "episode_lengths": [252], "episode_rewards": [202.8480110594555], "episode_types": ["t"]}