{"initial_reset_timestamp": 1573553930.1722817, "timestamps": [1573553937.688141], "episode_lengths": [224], "episode_rewards": [257.59888147192805], "episode_types": ["t"]}