{"initial_reset_timestamp": 1573424642.8825052, "timestamps": [1573424654.556375], "episode_lengths": [348], "episode_rewards": [202.30687034317387], "episode_types": ["t"]}