{"initial_reset_timestamp": 1575306820.7694535, "timestamps": [1575306828.1944852], "episode_lengths": [218], "episode_rewards": [263.1754007032955], "episode_types": ["t"]}