{"initial_reset_timestamp": 1575310971.3554235, "timestamps": [1575310986.8858712], "episode_lengths": [393], "episode_rewards": [250.76040631569305], "episode_types": ["t"]}