{"initial_reset_timestamp": 1573424576.911757, "timestamps": [1573424607.5344577], "episode_lengths": [906], "episode_rewards": [128.89870156058356], "episode_types": ["t"]}