{"initial_reset_timestamp": 1575311005.6382272, "timestamps": [1575311022.3265865], "episode_lengths": [497], "episode_rewards": [241.17825975013184], "episode_types": ["t"]}