{"initial_reset_timestamp": 1573424607.6314602, "timestamps": [1573424611.7334387], "episode_lengths": [120], "episode_rewards": [-188.40647710489515], "episode_types": ["t"]}