{"initial_reset_timestamp": 1573496445.8301146, "timestamps": [1573496450.355041], "episode_lengths": [134], "episode_rewards": [-70.83959719051663], "episode_types": ["t"]}