{"initial_reset_timestamp": 1575394828.6746716, "timestamps": [1575394840.426351], "episode_lengths": [302], "episode_rewards": [261.3655698157721], "episode_types": ["t"]}