{"initial_reset_timestamp": 1575306879.666694, "timestamps": [1575306901.3680692], "episode_lengths": [645], "episode_rewards": [213.10594090876242], "episode_types": ["t"]}